{"all_runs": {"0.3647646167811962": [1.93693693694, 0.369369369369, 0.693693693694], "0.6307276347005943": [0.0, 0.0, 0.0], "0.4116223544111559": [1.0, 1.0, 1.0], "0.4116223544163674": [1.4433716569184505, 1.3313119052172162, 1.3544966814312622], "0.41162235441637307": [3.4919533883220226, 2.779768263353322, 2.9271169098985546], "0.4116413694265658": [0.9604565240670149, 0.520670442380991, 0.6116606661780898], "0.41432690919839565": [2.473785347767913, 2.4619227549985743, 2.4643770845370576], "0.4135983338308852": [1.4672463119338672, 1.4056708792066077, 1.4184106239087981], "0.4143269091983075": [0.5035711861027024, 0.43651227308141605, 0.4503865309478876], "0.4064957510934092": [0.8927183580522824, 0.36363511432270956, 0.47310061302536816], "0.41359833383080136": [0.5406073726032035, 0.4379102121242464, 0.4591579004992008], "0.40743354586828573": [0.47034695574690677, 0.2452670682045948, 0.29183532079955093], "0.4135983338307969": [2.6600694396416174, 2.3518924566852477, 2.4156532117796625], "0.41432690919831316": [1.6317808331089299, 1.2556856159266412, 1.333498419481589], "0.4143476902402854": [0.44752429117138226, 0.2943773161547095, 0.3260628971926384], "0.41162235441636874": [0.7485775461476671, 0.6450676509033944, 0.6664834912987588], "0.4135983338307959": [3.1129743692667984, 2.697157160799548, 2.7831883073789703], "0.41359833383088396": [3.098486369455333, 3.0774857746287294, 3.081830725282509], "0.41359833383080147": [2.1075891089478285, 1.5745360771103674, 1.6848229112836233], "0.41359833383080047": [1.5503326470146686, 1.2043505073315237, 1.2759330189900977], "0.41434592420854066": [0.9799209143129939, 0.5499116398013317, 0.6388790759071834], "0.36504161666237767": [0.937297093541233, 0.22155476411324745, 0.36963938399488394], "0.40340555619749385": [0.4918976398800933, 0.21007476883945303, 0.26838294905475174]}}