{"all_runs": {"0.36403703784545693": [0.3515625, 0.0703125, 0.1171875], "0.36380804961439484": [0.36474609375, 0.06943359375, 0.11865234375], "0.3641154969386742": [0.3515625, 0.07382812500000001, 0.1171875], "0.3640370378296526": [0.3515625, 0.0703125, 0.123046875], "0.366893894439859": [0.36328125, 0.06679687499999998, 0.12109375], "0.3641148583451189": [0.3544921875, 0.07207031250000001, 0.1181640625], "0.36380804961439417": [0.3603515625, 0.06855468749999999, 0.1201171875], "0.3669566814190873": [0.369140625, 0.06914062499999998, 0.123046875], "0.36714164114434467": [0.35595703125, 0.07001953124999999, 0.11865234375], "0.36714163933069843": [0.35595703125, 0.06943359375, 0.12158203125], "0.3671416393306982": [0.35595703125, 0.06943359375, 0.11865234375], "0.3638080008268717": [0.36474609375, 0.06884765625, 0.11669921875], "0.36695657964658257": [0.3693771297308315, 0.06871795355620691, 0.11702220139519467], "0.3668939428027267": [0.37060546875, 0.06845703125, 0.11832682291666666], "0.36380791828516135": [0.36694675021701395, 0.06870456271701386, 0.11759553132233795], "0.3669566662084146": [0.3692265263310185, 0.06903121383101855, 0.11694486641589508], "0.36695676405854716": [0.3643798828125, 0.0690673828125, 0.1185302734375], "0.36695668143167226": [0.3658447265625, 0.0687744140625, 0.1175537109375], "0.3669567639607977": [0.3636474609375, 0.06862792968749999, 0.1192626953125], "0.36695676396079846": [0.3658447265625, 0.0690673828125, 0.1185302734375], "0.3638078165684481": [0.3682861328125, 0.06857910156249998, 0.11690266927083334], "0.36689398210756996": [0.37060546875, 0.06855468749999996, 0.11572265625], "0.36689401293737167": [0.36771647135416663, 0.06830240885416665, 0.11817762586805558], "0.36602751800152233": [0.3701850043402777, 0.0687201605902778, 0.11737286603009264], "0.3660970365673121": [0.3693771302759513, 0.06871795319793068, 0.1170222003600927], "0.3638078895437884": [0.3688490125868055, 0.06884901258680558, 0.1172530562789352], "0.3638079182977456": [0.36586733217592604, 0.06869936342592589, 0.11766975308641972], "0.36380781653895855": [0.3692515337908707, 0.06874290748878764, 0.11717021612473477], "0.3669565796276174": [0.3705504617573302, 0.06872754509066362, 0.11599367243762862], "0.3638078895550183": [0.3678451349705826, 0.0687077651789159, 0.11780457045315715], "0.36695665267771516": [0.3684753606348862, 0.06871136323905286, 0.11762582912366579], "0.36695657970237483": [0.3686958595558449, 0.06864703143084491, 0.11717487853250388], "0.3638078165126559": [0.3693771330715033, 0.06871795498987514, 0.1170221987509918], "0.3647643836952623": [0.3693771038878353, 0.06871794682263699, 0.11702223511085949], "0.36476438375105447": [0.36948959915726265, 0.06881414342809611, 0.1173580781913098], "0.36380788901665906": [0.36912593135127314, 0.06876785843460649, 0.11731823579764665], "0.36609703662310444": [0.3692105257952654, 0.068749710365578, 0.11728539878939409]}}