{"all_runs": {"0.41262858971458305": [0.5, 0.5, 0.5], "0.4167628089044889": [0.75, 0.25, 0.75], "0.5186175156419179": [0.25, 0.75, 0.25], "0.4146045865699989": [0.375, 0.375, 0.625], "0.37338017050187966": [0.875, 0.875, 0.125], "0.41036812958822266": [0.625, 0.125, 0.375], "0.52527285441036": [0.125, 0.625, 0.875], "0.41265960614199937": [0.1875, 0.3125, 0.3125], "0.4153415012843775": [0.6875, 0.8125, 0.8125], "0.44619215951108226": [0.9375, 0.0625, 0.5625], "0.37610029839693593": [0.4375, 0.5625, 0.0625], "0.41874949027625463": [0.3125, 0.1875, 0.9375], "0.41462091465850537": [0.8125, 0.6875, 0.4375], "0.37335720936231165": [0.5625, 0.4375, 0.1875], "0.4577151069203498": [0.0625, 0.9375, 0.6875], "0.5193505577540626": [0.09375, 0.46875, 0.84375], "0.4126809539483849": [0.59375, 0.96875, 0.34375], "0.36946417003025644": [0.84375, 0.21875, 0.09375], "0.4134707769504491": [0.34375, 0.71875, 0.59375], "0.41003252132680645": [0.46875, 0.09375, 0.46875], "0.41248330121524046": [0.96875, 0.59375, 0.96875], "0.4142709214342425": [0.71875, 0.34375, 0.71875], "0.45681663964803054": [0.21875, 0.84375, 0.21875], "0.41950249002033047": [0.15625, 0.15625, 0.53125], "0.3751350563103192": [0.65625, 0.65625, 0.03125], "0.3730354044640716": [0.90625, 0.40625, 0.28125], "0.5191954300636161": [0.40625, 0.90625, 0.78125], "0.4153704396272191": [0.28125, 0.28125, 0.15625], "0.412628589719797": [0.78125, 0.78125, 0.65625], "0.4480869607830712": [0.53125, 0.03125, 0.90625], "0.4577151060403968": [0.03125, 0.53125, 0.40625], "0.5230525811064877": [0.046875, 0.265625, 0.609375], "0.3761063195957004": [0.546875, 0.765625, 0.109375], "0.40924020794323523": [0.796875, 0.015625, 0.359375], "0.4151599137317953": [0.296875, 0.515625, 0.859375], "0.414722172365542": [0.421875, 0.140625, 0.234375], "0.4152855341371522": [0.921875, 0.640625, 0.734375], "0.41530784511996754": [0.671875, 0.390625, 0.984375], "0.46196298900474975": [0.171875, 0.890625, 0.484375], "0.41235125805038764": [0.234375, 0.078125, 0.796875], "0.3760630474897789": [0.734375, 0.578125, 0.296875], "0.3744895748285727": [0.984375, 0.328125, 0.046875], "0.4126596062787594": [0.484375, 0.828125, 0.546875], "0.4153423445490292": [0.359375, 0.453125, 0.421875], "0.41534062440657504": [0.859375, 0.953125, 0.921875], "0.416762212613045": [0.609375, 0.203125, 0.671875], "0.45998701002424436": [0.109375, 0.703125, 0.171875], "0.5220347007346239": [0.078125, 0.234375, 0.265625], "0.4146137691869036": [0.578125, 0.734375, 0.765625], "0.4151416089604787": [0.828125, 0.484375, 0.515625], "0.4157164105876523": [0.328125, 0.984375, 0.015625], "0.4146889861034787": [0.453125, 0.359375, 0.890625], "0.3753471958383745": [0.953125, 0.859375, 0.390625], "0.4032490041567106": [0.703125, 0.109375, 0.140625], "0.5240106801921698": [0.203125, 0.609375, 0.640625], "0.5143690964815959": [0.140625, 0.421875, 0.078125], "0.4153550165623263": [0.640625, 0.921875, 0.578125], "0.4100285602287327": [0.890625, 0.171875, 0.828125], "0.41265960628402876": [0.390625, 0.671875, 0.328125], "0.44705014019252354": [0.265625, 0.046875, 0.703125], "0.37531311908722376": [0.765625, 0.546875, 0.203125], "0.4143898637096921": [0.515625, 0.296875, 0.453125], "0.5687814454356908": [0.015625, 0.796875, 0.953125], "0.46024921098487204": [0.0234375, 0.3984375, 0.4453125], "0.412659606019118": [0.5234375, 0.8984375, 0.9453125], "0.4082458238238663": [0.7734375, 0.1484375, 0.6953125], "0.5213427614090398": [0.2734375, 0.6484375, 0.1953125], "0.448271709470937": [0.3984375, 0.0234375, 0.8203125], "0.37401053188890143": [0.8984375, 0.5234375, 0.3203125], "0.3756223007527736": [0.6484375, 0.2734375, 0.0703125], "0.46321589272047825": [0.1484375, 0.7734375, 0.5703125], "0.4153544921613058": [0.2109375, 0.2109375, 0.1328125], "0.4134396934120499": [0.7109375, 0.7109375, 0.6328125], "0.4142711115105656": [0.9609375, 0.4609375, 0.8828125], "0.4126596734891226": [0.4609375, 0.9609375, 0.3828125], "0.4146045691249597": [0.3359375, 0.3359375, 0.5078125], "0.3735050246624002": [0.8359375, 0.8359375, 0.0078125], "0.40553809991388523": [0.5859375, 0.0859375, 0.2578125], "0.5121220487051463": [0.0859375, 0.5859375, 0.7578125], "0.41550556261873395": [0.1171875, 0.1171875, 0.6640625], "0.3753561499564728": [0.6171875, 0.6171875, 0.1640625], "0.41220346032128174": [0.8671875, 0.3671875, 0.4140625], "0.5234856789567667": [0.3671875, 0.8671875, 0.9140625], "0.373380170501881": [0.4921875, 0.4921875, 0.0390625], "0.4126658848452791": [0.9921875, 0.9921875, 0.5390625], "0.41602751726993525": [0.7421875, 0.2421875, 0.7890625], "0.5213221571504731": [0.2421875, 0.7421875, 0.2890625], "0.4184675095490935": [0.1796875, 0.3046875, 0.9765625], "0.41265829416730604": [0.6796875, 0.8046875, 0.4765625], "0.4089152487932698": [0.9296875, 0.0546875, 0.2265625], "0.41461391738942666": [0.4296875, 0.5546875, 0.7265625], "0.4151202612897873": [0.3046875, 0.1796875, 0.3515625], "0.41458361952780565": [0.8046875, 0.6796875, 0.8515625], "0.4126048710550806": [0.5546875, 0.4296875, 0.6015625], "0.4649649316361947": [0.0546875, 0.9296875, 0.1015625], "0.516774920584588": [0.0390625, 0.1328125, 0.9296875], "0.4126368674960569": [0.5390625, 0.6328125, 0.4296875], "0.37581479277531993": [0.7890625, 0.3828125, 0.1796875], "0.5213221567868593": [0.2890625, 0.8828125, 0.6796875], "0.4125072576978026": [0.4140625, 0.2578125, 0.3046875], "0.41531219490053395": [0.9140625, 0.7578125, 0.8046875], "0.44692727090342965": [0.6640625, 0.0078125, 0.5546875], "0.4182961112090702": [0.1640625, 0.5078125, 0.0546875], "0.41515991996825885": [0.2265625, 0.4453125, 0.7421875], "0.37339577897016774": [0.7265625, 0.9453125, 0.2421875], "0.4104466437525919": [0.9765625, 0.1953125, 0.4921875], "0.4146265945803308": [0.4765625, 0.6953125, 0.9921875], "0.3661580868755847": [0.3515625, 0.0703125, 0.1171875], "0.41455912998864597": [0.8515625, 0.5703125, 0.6171875], "0.4144451151466012": [0.6015625, 0.3203125, 0.8671875], "0.46340640272454425": [0.1015625, 0.8203125, 0.3671875], "0.46248731747452887": [0.0703125, 0.3515625, 0.2109375], "0.4146267646462256": [0.5703125, 0.8515625, 0.7109375], "0.4457644772272632": [0.8203125, 0.1015625, 0.9609375], "0.41265960627476217": [0.3203125, 0.6015625, 0.4609375], "0.41641769563036146": [0.4453125, 0.2265625, 0.5859375], "0.3733572344528163": [0.9453125, 0.7265625, 0.0859375], "0.4145925305074043": [0.6953125, 0.4765625, 0.3359375], "0.4624873173210936": [0.1953125, 0.9765625, 0.8359375], "0.4125578834248824": [0.1328125, 0.0390625, 0.3984375], "0.41531219489126925": [0.6328125, 0.5390625, 0.8984375], "0.4160518802063098": [0.8828125, 0.2890625, 0.6484375], "0.37538717970999047": [0.3828125, 0.7890625, 0.1484375], "0.41723877353380023": [0.2578125, 0.4140625, 0.7734375], "0.3733889919683758": [0.7578125, 0.9140625, 0.2734375], "0.3744834374642323": [0.5078125, 0.1640625, 0.0234375], "0.509289648935183": [0.0078125, 0.6640625, 0.5234375], "0.5270285453096839": [0.01171875, 0.33203125, 0.78515625], "0.41269690140950754": [0.51171875, 0.83203125, 0.28515625], "0.4034613403675976": [0.76171875, 0.08203125, 0.03515625], "0.519195430063565": [0.26171875, 0.58203125, 0.53515625], "0.4150691121300367": [0.38671875, 0.20703125, 0.41015625], "0.4145828913127302": [0.88671875, 0.70703125, 0.91015625], "0.415288042620355": [0.63671875, 0.45703125, 0.66015625], "0.45998927228036046": [0.13671875, 0.95703125, 0.16015625], "0.4481593452712659": [0.19921875, 0.01953125, 0.59765625], "0.37334116066690737": [0.69921875, 0.51953125, 0.09765625], "0.3683893430365518": [0.94921875, 0.26953125, 0.34765625], "0.41536416073360216": [0.44921875, 0.76953125, 0.84765625], "0.4146347382167387": [0.32421875, 0.39453125, 0.22265625], "0.41461183488315334": [0.82421875, 0.89453125, 0.72265625], "0.4111223132300721": [0.57421875, 0.14453125, 0.97265625], "0.4636265036015572": [0.07421875, 0.64453125, 0.47265625], "0.4126809539435943": [0.10546875, 0.17578125, 0.06640625],