{"all_runs": {"0.41262858971458305": [0.5, 0.5, 0.5], "0.4167628089044889": [0.75, 0.25, 0.75], "0.5186175156419179": [0.25, 0.75, 0.25], "0.4146045865699989": [0.375, 0.375, 0.625], "0.37338017050187966": [0.875, 0.875, 0.125], "0.41036812958822266": [0.625, 0.125, 0.375], "0.52527285441036": [0.125, 0.625, 0.875], "0.41265960614199937": [0.1875, 0.3125, 0.3125], "0.4153415012843775": [0.6875, 0.8125, 0.8125], "0.44619215951108226": [0.9375, 0.0625, 0.5625], "0.37610029839693593": [0.4375, 0.5625, 0.0625], "0.41874949027625463": [0.3125, 0.1875, 0.9375], "0.41462091465850537": [0.8125, 0.6875, 0.4375], "0.37335720936231165": [0.5625, 0.4375, 0.1875], "0.4577151069203498": [0.0625, 0.9375, 0.6875], "0.5193505577540626": [0.09375, 0.46875, 0.84375], "0.4126809539483849": [0.59375, 0.96875, 0.34375], "0.36946417003025644": [0.84375, 0.21875, 0.09375], "0.4134707769504491": [0.34375, 0.71875, 0.59375], "0.41003252132680645": [0.46875, 0.09375, 0.46875]}, "sobol": {"0.41262858971458305": [0.5, 0.5, 0.5], "0.4167628089044889": [0.75, 0.25, 0.75], "0.5186175156419179": [0.25, 0.75, 0.25], "0.4146045865699989": [0.375, 0.375, 0.625], "0.37338017050187966": [0.875, 0.875, 0.125], "0.41036812958822266": [0.625, 0.125, 0.375], "0.52527285441036": [0.125, 0.625, 0.875], "0.41265960614199937": [0.1875, 0.3125, 0.3125], "0.4153415012843775": [0.6875, 0.8125, 0.8125], "0.44619215951108226": [0.9375, 0.0625, 0.5625], "0.37610029839693593": [0.4375, 0.5625, 0.0625], "0.41874949027625463": [0.3125, 0.1875, 0.9375], "0.41462091465850537": [0.8125, 0.6875, 0.4375], "0.37335720936231165": [0.5625, 0.4375, 0.1875], "0.4577151069203498": [0.0625, 0.9375, 0.6875], "0.5193505577540626": [0.09375, 0.46875, 0.84375], "0.4126809539483849": [0.59375, 0.96875, 0.34375], "0.36946417003025644": [0.84375, 0.21875, 0.09375], "0.4134707769504491": [0.34375, 0.71875, 0.59375], "0.41003252132680645": [0.46875, 0.09375, 0.46875]}}